param_subsample,param_reg_lambda,param_reg_alpha,param_n_estimators,param_min_child_weight,param_max_depth,param_learning_rate,param_gamma,param_colsample_bytree,mean_test_score,std_test_score,rank_test_score
0.9,2.0,0.0,325,1,7,0.17,0.05,0.8,0.20153375340362167,0.0037977038809745723,1
0.7,1.0,0.2,275,3,7,0.13,0.1,1.0,0.1992289178953677,0.006861379644355343,2
0.9,1.0,0.1,250,1,6,0.2,0.05,0.7,0.1929703838673665,0.004421755991413068,3
0.8,0.5,0.0,250,3,7,0.13,0.0,1.0,0.19254278307265535,0.00527313982348701,4
0.7,1.0,0.05,275,5,6,0.15,0.2,0.9,0.19245091732568412,0.00950601015021424,5
0.9,0.5,0.05,400,7,5,0.2,0.2,1.0,0.1922124341664082,0.004556173243633911,6
0.8,1.0,0.1,275,5,6,0.12,0.0,1.0,0.18527045868038305,0.009730069359871325,7
0.9,1.5,0.0,275,7,6,0.12,0.05,0.7,0.18381051575298166,0.0060395544171302894,8
0.9,0.5,0.0,350,7,5,0.15,0.0,0.7,0.18275292211373229,0.009127470502367264,9
0.7,2.0,0.05,300,5,6,0.08,0.1,0.7,0.18274735507400663,0.007970274856790612,10
0.8,1.0,0.05,250,7,6,0.1,0.05,0.8,0.18190310619774216,0.007602105164319618,11
0.9,1.5,0.1,300,5,7,0.08,0.0,0.8,0.18122874381125706,0.00615840448691382,12
0.9,1.0,0.05,400,7,3,0.12,0.0,0.9,0.1811858983092323,0.006646476643016903,13
0.9,1.0,0.1,300,5,3,0.2,0.0,0.7,0.17962073359348607,0.006099832544915809,14
0.7,2.0,0.2,200,5,4,0.17,0.05,0.7,0.17955179271549535,0.00685604749347379,15
1.0,0.5,0.2,200,5,7,0.15,0.1,0.9,0.1780392232719494,0.00267542893206302,16
1.0,0.5,0.1,200,7,5,0.17,0.1,0.7,0.1777775920082648,0.007689661336537139,17
1.0,1.0,0.05,300,5,7,0.08,0.05,0.8,0.17729611481991092,0.009185185777152962,18
1.0,1.0,0.05,400,1,3,0.13,0.0,0.8,0.17705171844799414,0.007978849077073615,19
1.0,1.5,0.2,325,5,5,0.15,0.05,0.7,0.17686499330075942,0.00790491319365703,20
1.0,2.0,0.2,250,7,4,0.15,0.0,1.0,0.17644553236396798,0.003403026851242037,21
0.7,1.0,0.2,325,1,4,0.08,0.05,0.7,0.17641945184126798,0.00792982922323346,22
0.9,1.5,0.0,200,7,5,0.1,0.2,1.0,0.1761131257903782,0.006075649794126597,23
1.0,1.5,0.1,275,7,3,0.13,0.2,0.9,0.17566062452698103,0.00862839079500048,24
0.8,1.5,0.2,300,5,4,0.1,0.1,0.7,0.1751306338623382,0.00858913060143902,25
0.8,2.0,0.05,200,5,5,0.1,0.05,0.8,0.17490869881897086,0.008046664107713288,26
1.0,1.0,0.0,400,3,7,0.1,0.1,0.9,0.1745406968751336,0.008132393281553893,27
0.8,0.5,0.0,275,1,4,0.1,0.2,0.7,0.17426258421662233,0.007634333865296245,28
1.0,1.0,0.05,200,7,4,0.12,0.1,1.0,0.17077917099712903,0.010288755206791362,29
1.0,1.0,0.1,200,7,4,0.08,0.2,0.7,0.17015784101021691,0.006420614436242693,30
