mean_fit_time,std_fit_time,mean_score_time,std_score_time,param_C,param_class_weight,param_penalty,params,split0_test_F1,split1_test_F1,split2_test_F1,mean_test_F1,std_test_F1,rank_test_F1,split0_train_F1,split1_train_F1,split2_train_F1,mean_train_F1,std_train_F1,split0_test_ROC_AUC,split1_test_ROC_AUC,split2_test_ROC_AUC,mean_test_ROC_AUC,std_test_ROC_AUC,rank_test_ROC_AUC,split0_train_ROC_AUC,split1_train_ROC_AUC,split2_train_ROC_AUC,mean_train_ROC_AUC,std_train_ROC_AUC,split0_test_PR_AUC,split1_test_PR_AUC,split2_test_PR_AUC,mean_test_PR_AUC,std_test_PR_AUC,rank_test_PR_AUC,split0_train_PR_AUC,split1_train_PR_AUC,split2_train_PR_AUC,mean_train_PR_AUC,std_train_PR_AUC
0.523459275563558,0.04593612056281191,0.11508774757385254,0.014577845309933115,0.001,,l2,"{'C': 0.001, 'class_weight': None, 'penalty': 'l2'}",0.17760314341846759,0.19087572102779235,0.17714134181914612,0.1818734020884687,0.006368391994491919,49,0.1895150720838794,0.18034834045349984,0.17726040082016006,0.1823746044525131,0.005204072206181751,0.8451221308964653,0.8454877022270583,0.8510007648290075,0.8472035326508437,0.0026891931578821374,49,0.8485367768652033,0.8483640319525335,0.8454362970206079,0.8474457019461149,0.0014226129286638558,0.36265860782924464,0.37285869048908,0.3812416431446742,0.37225298048766625,0.007598572841351408,8,0.3779513631455881,0.3725611889295668,0.3682961158272105,0.3729362226341218,0.003950648715036012
0.5228313604990641,0.041469091864816905,0.1768940289815267,0.07772308310398016,0.001,balanced,l2,"{'C': 0.001, 'class_weight': 'balanced', 'penalty': 'l2'}",0.3747270237258023,0.3775142599819874,0.3772952437707177,0.37651217582616914,0.0012654559234475749,22,0.3776056285318663,0.3770351008215086,0.37488205147181264,0.37650759360839586,0.0011727932171890951,0.8453054192567615,0.8456931168518534,0.8512250569260129,0.8474078643448758,0.002703799395594442,7,0.8487543843119489,0.8485850024164707,0.845634436976362,0.8476579412349272,0.0014325035590305238,0.3624670023255718,0.3724042976717543,0.38046325824868565,0.37177818608200397,0.007360268047866539,45,0.3771009838608937,0.3718163290166896,0.36779796763570344,0.37223842683776226,0.0038096502594904937
0.32912484804789227,0.05754253212903647,0.10646828015645345,0.005079888476868248,0.001,"{0: 1, 1: 1.5}",l2,"{'C': 0.001, 'class_weight': {0: 1, 1: 1.5}, 'penalty': 'l2'}",0.2823061630218688,0.29103894654614443,0.28786347816324237,0.2870695292437519,0.003609075891465399,42,0.2950765136393879,0.2868238557558946,0.280624859518993,0.2875084096380918,0.00591968677195594,0.8452117732618755,0.8456402602336618,0.8510806135838844,0.8473108823598072,0.002671336169732866,31,0.8486509702526471,0.8484710209785108,0.8455429721014367,0.8475549877775315,0.001424605383010582,0.36272190253583725,0.3729956618774582,0.3812656890831664,0.3723277511654873,0.0075851865904362275,3,0.3779831471035184,0.37258175688092854,0.3683752621798263,0.3729800553880911,0.003932500854192177
0.24128286043802896,0.006735726719611097,0.09544022878011067,0.007723057153880183,0.001,"{0: 1, 1: 2}",l2,"{'C': 0.001, 'class_weight': {0: 1, 1: 2}, 'penalty': 'l2'}",0.34534278959810877,0.3458907409191637,0.35721144613020933,0.349481658882494,0.00547036079454662,35,0.3532785318294781,0.35158145065398333,0.3425462249614792,0.3491354024816469,0.004710482383172456,0.8452542148081232,0.8456868206770284,0.8511140364998526,0.847351690661668,0.0026662360003109494,19,0.8486970651032854,0.8485085750973704,0.8455875300896897,0.8475977234301152,0.0014235027385527239,0.36271352517932604,0.3730140416707518,0.3812543354385958,0.37232730076289117,0.007584814701030732,4,0.37796856526040834,0.3725566744361864,0.3683620619319618,0.3729624338761855,0.00393231967946189
0.2517840067545573,0.005965110142441285,0.10190065701802571,0.015158272535166115,0.001,"{0: 1, 1: 2.5}",l2,"{'C': 0.001, 'class_weight': {0: 1, 1: 2.5}, 'penalty': 'l2'}",0.38467902051621444,0.3808723422136314,0.3952842105263158,0.3869451910853872,0.0060979304605184225,21,0.38929257496032743,0.39083142321316944,0.38025501830576947,0.38679300549308876,0.0046655454009495575,0.8452700064752495,0.8457190828096248,0.8511313498264385,0.847373479703771,0.0026635325268837867,11,0.84872087644321,0.848534384909621,0.8456101769797109,0.8476218127775139,0.0014244773802526713,0.3627089276751352,0.3730536144514237,0.3811636249557731,0.37230872236077733,0.007552487938863891,5,0.37787581188115216,0.3724957594599867,0.368304744382628,0.37289210524125566,0.003917409922306115
0.2573963801066081,0.0032218742849772753,0.09780542055765788,0.007580216954200987,0.001,"{0: 1, 1: 3}",l2,"{'C': 0.001, 'class_weight': {0: 1, 1: 3}, 'penalty': 'l2'}",0.40276959340011786,0.39723868837697907,0.41467807294011705,0.40489545157240464,0.0072765600028109785,14,0.4057386236269895,0.40855654761904764,0.4009416336596667,0.40507893496856795,0.00314357763243636,0.8452802294344549,0.845731690528294,0.8511496952936477,0.8473872050854655,0.00266685878951406,10,0.8487364115079633,0.8485482083702323,0.8456232579360934,0.8476359592714298,0.0014252672507781923,0.362714011718957,0.37299378450095716,0.381098225361566,0.3722686738604934,0.0075228171538308745,7,0.3777790108587239,0.3724093153726492,0.3682605737208192,0.37281629998406407,0.0038965274063373534
0.27793018023173016,0.00817518440848531,0.09841028849283855,0.003898340692384138,0.001,"{0: 1, 1: 4}",l2,"{'C': 0.001, 'class_weight': {0: 1, 1: 4}, 'penalty': 'l2'}",0.4115120274914089,0.41093319989992494,0.4216762284859067,0.4147071519590802,0.0049335437616882085,7,0.4170598460392352,0.41747963702809004,0.4118377740513012,0.41545908570620876,0.0025663826286634515,0.8452967460069822,0.8457461245987332,0.8511696465975093,0.8474041724010749,0.0026689051716250944,8,0.8487558314594837,0.8485691740802258,0.845640946396327,0.8476553173120122,0.0014264122554569262,0.36266942367971905,0.37289420265517637,0.3809767233904071,0.37218011657510086,0.00749096099182466,13,0.37765366991391836,0.3722944686272256,0.36816643264013593,0.3727048570604266,0.0038840040998811636
0.2746416727701823,0.008435461104578466,0.09594178199768066,0.004452277423768343,0.003,,l2,"{'C': 0.003, 'class_weight': None, 'penalty': 'l2'}",0.19567166090408503,0.2046738572162301,0.1937410725879756,0.19802886356943025,0.004764364122390482,48,0.20651686831828947,0.19747845104850123,0.1928256928256928,0.1989403373974945,0.005684183046859035,0.8451969754579844,0.8457085652775533,0.8510131581999172,0.8473062329784851,0.0026294995701133246,34,0.8486582405681828,0.8484496608247645,0.8455666378293492,0.8475581797407655,0.0014108049158871427,0.3626253745099075,0.373265244853481,0.3812910181342081,0.3723938791658656,0.007645086509147069,1,0.37818645899824943,0.3727236546045636,0.3684440213350669,0.3731180449792933,0.003987098421242285
0.3084415594736735,0.004866435591886492,0.09089597066243489,0.00670565447312529,0.003,balanced,l2,"{'C': 0.003, 'class_weight': 'balanced', 'penalty': 'l2'}",0.37493522836627435,0.37719857491093195,0.37718580251506806,0.3764398685974248,0.0010639540881138775,23,0.3771159523186727,0.3767926745118517,0.37469262484515686,0.3762004172252271,0.0010743076937091826,0.8453169024755334,0.8457537681242329,0.8512128761299712,0.8474278489099124,0.0026823542136454846,1,0.8487830224652001,0.8485987503180514,0.8456597401451845,0.8476805043094787,0.0014308750031187915,0.3624308827644893,0.3725410191362398,0.3804738890899065,0.3718152636635452,0.0073838815478658466,43,0.377159054070902,0.3718395140711705,0.367787441923027,0.3722620033550332,0.0038375905165249848
0.27295883496602374,0.009087718878972082,0.08895595868428548,0.005499104428157539,0.003,"{0: 1, 1: 1.5}",l2,"{'C': 0.003, 'class_weight': {0: 1, 1: 1.5}, 'penalty': 'l2'}",0.2921445574550963,0.2972617743702081,0.3005476451259584,0.2966513256504209,0.0034575961139367587,41,0.304097380719487,0.29658992180712423,0.2905089408528198,0.2970654144598104,0.005557637054814838,0.8452096011071759,0.8457381608853356,0.8510377579782985,0.8473285066569366,0.002631698169565351,26,0.8486837782398571,0.8484744409851407,0.8455885847886255,0.847582268004541,0.0014123349686767255,0.36259607694223484,0.37322631571429105,0.38116872104071436,0.37233037123241347,0.007608671131814099,2,0.3780562356416699,0.3726119193315702,0.368369187072505,0.3730124473485817,0.003964849262762993
0.3169554074605306,0.09940512997733435,0.12567838033040366,0.0410594296479306,0.003,"{0: 1, 1: 2}",l2,"{'C': 0.003, 'class_weight': {0: 1, 1: 2}, 'penalty': 'l2'}",0.35261349921084395,0.3519743056867561,0.3639958572639111,0.356194554053837,0.0055225230297961175,34,0.35979777174421873,0.35869158878504676,0.34903387348230736,0.3558410780038576,0.004834558596428519,0.8452286458833453,0.8457447644405428,0.851057870634168,0.8473437603193522,0.0026347113901700565,21,0.8487048732966657,0.8484980595855045,0.8456018482521098,0.8476015937114266,0.0014165520120642248,0.362576885732598,0.37314560531788016,0.3810910821946779,0.3722711910817187,0.007583636676046854,6,0.3779557803505805,0.3725195282106992,0.36830477060514044,0.3729266930554734,0.0039505134421371595
0.40578675270080566,0.06664739854846408,0.1593031088511149,0.046487122874772975,0.003,"{0: 1, 1: 2.5}",l2,"{'C': 0.003, 'class_weight': {0: 1, 1: 2.5}, 'penalty': 'l2'}",0.3860934701188731,0.384488175955019,0.3994369462614888,0.390006197445127,0.006700672093957362,20,0.39280421537954885,0.39384741591468414,0.38549445109121666,0.3907153607951499,0.003716224826495719,0.8452371449509084,0.8457579689894538,0.8510767974808352,0.8473573038070658,0.002638659926514426,15,0.8487183842758625,0.8485145737160014,0.8456115461031625,0.8476148346983421,0.0014189805220087635,0.36256063693193086,0.37309950066089115,0.38103066888097276,0.37223026882459825,0.007565368157535404,10,0.3778668227897847,0.37243823535468806,0.36822393207159393,0.37284299673868887,0.003947084086953811
0.29875953992207843,0.012034468049532204,0.09857320785522461,0.0048971658708620944,0.003,"{0: 1, 1: 3}",l2,"{'C': 0.003, 'class_weight': {0: 1, 1: 3}, 'penalty': 'l2'}",0.40416242177266776,0.40053266257305614,0.41444246737841045,0.4063791839080448,0.005891021032294002,13,0.4081346940279262,0.4109025456415531,0.40193329397874855,0.40699017788274255,0.0037500494887952184,0.8452443760743953,0.8457637067565849,0.8510986107356475,0.8473688978555426,0.0026458136386099374,12,0.8487315245035449,0.8485296836011249,0.84562033846284,0.84762718218917,0.0014214432205578505,0.36254798715324194,0.3730537469602731,0.38096671037062096,0.372189481494712,0.007544205605886126,12,0.37778531876553545,0.372357246058399,0.3681705958742367,0.37277105356605705,0.003936085327594902
0.36804819107055664,0.06954571195915185,0.09059842427571614,0.0007857731499475085,0.003,"{0: 1, 1: 4}",l2,"{'C': 0.003, 'class_weight': {0: 1, 1: 4}, 'penalty': 'l2'}",0.41190795080969195,0.41181924955183286,0.42194926239121044,0.4152254875842451,0.004754564664219919,6,0.41770009539342096,0.4179717429280701,0.4126555060666564,0.4161091147960492,0.0024445869504647172,0.8452642149165517,0.8457735864743636,0.8511271700410852,0.8473883238106668,0.0026519292596161098,9,0.8487472785614207,0.8485514926267395,0.8456338888146806,0.847644220000947,0.00142376417567681,0.3625220704088002,0.3729592104097993,0.38088260412186536,0.37212129498015495,0.007519037006495702,21,0.3776412469746409,0.3722424226901089,0.3680855929475428,0.37265642087076417,0.003912047787846206
0.2674890359242757,0.010155634475432364,0.09672681490580241,0.0014856013291972025,0.01,,l2,"{'C': 0.01, 'class_weight': None, 'penalty': 'l2'}",0.2027626409833988,0.2122791407143765,0.20015436068947776,0.205065380795751,0.00521085601704684,47,0.21306800177451043,0.204749474756478,0.19892197125256675,0.2055798159278517,0.005804862601164608,0.8451373154873372,0.8457109782135522,0.850941866223757,0.8472633866415488,0.002611599925767612,42,0.8486220778880814,0.8483993308264295,0.8455356237891791,0.8475190108345633,0.001405411491869219,0.36242357052200525,0.3732108573886813,0.38109069770623955,0.37224170853897537,0.007651572668315081,9,0.3780860615642116,0.37258190476433206,0.36834022833874874,0.3730027315557641,0.0039898318850067
0.31551607449849445,0.01741645623506895,0.09047929445902507,0.003485084520361985,0.01,balanced,l2,"{'C': 0.01, 'class_weight': 'balanced', 'penalty': 'l2'}",0.37442178884653815,0.3773160303053034,0.3770272280910579,0.37625501574763315,0.00130163802774608,24,0.377082866322947,0.3766710793727742,0.37462805182323916,0.37612733250632013,0.0010733977355661985,0.8453047609504434,0.8457600284380132,0.8511916621826174,0.8474188171903579,0.002674270819372673,2,0.8487805053249526,0.8485889532573069,0.84565349263892,0.8476743170737264,0.0014310768895923931,0.36238632612843646,0.37254604676301195,0.38040910353884966,0.3717804921434327,0.00737765463197234,44,0.3771521986072271,0.3718046248714494,0.3677395521355588,0.37223212520474513,0.003854568354682386
0.2747865517934163,0.0034500132839949504,0.09807149569193523,0.008245852902881465,0.01,"{0: 1, 1: 1.5}",l2,"{'C': 0.01, 'class_weight': {0: 1, 1: 1.5}, 'penalty': 'l2'}",0.2955400322407308,0.3009003145677405,0.3068909386869235,0.301110428498465,0.004636369282493098,40,0.30903319524398776,0.3019823313940961,0.29514457174031644,0.3020533661261335,0.005670229281463524,0.8451594955434032,0.8457304430762438,0.8509772407306806,0.8472890597834425,0.0026183333497973625,39,0.8486486112740993,0.8484299744956447,0.8455574766132135,0.8475453541276524,0.001408472759062688,0.36240927269767154,0.37313804790841465,0.38102176885251693,0.37218969648620104,0.007628052660784165,11,0.37795820880198433,0.37247656238493126,0.3682412171496506,0.37289199611218876,0.0039778068144132065
0.24181604385375977,0.006776475701864212,0.09313344955444336,0.0026342810219796148,0.01,"{0: 1, 1: 2}",l2,"{'C': 0.01, 'class_weight': {0: 1, 1: 2}, 'penalty': 'l2'}",0.35531405415361944,0.3539557555305587,0.3659996259584814,0.35842314521421986,0.0053860027935675875,33,0.36234441761099756,0.36097968271639297,0.3519160498454043,0.3584133833909316,0.004627968073536782,0.8451849287085124,0.8457373873113743,0.8510041019983184,0.8473088060060684,0.0026226846270852168,33,0.8486764118747063,0.8484644851223657,0.8455750504461796,0.8475719824810839,0.0014146922871799224,0.3624180958939311,0.3730955585925203,0.38094069193072105,0.3721514488057241,0.007591229520645081,15,0.3778731703848745,0.3724395361780428,0.3681885495129439,0.37283375202528707,0.003963544285856823
0.26218748092651367,0.01013123584690057,0.0967103640238444,0.003987085554919772,0.01,"{0: 1, 1: 2.5}",l2,"{'C': 0.01, 'class_weight': {0: 1, 1: 2.5}, 'penalty': 'l2'}",0.3875354107648725,0.38621030113542865,0.4006252056597565,0.3914569725200192,0.006505451716877876,19,0.3941772980045797,0.3952872110563007,0.387258322728952,0.39224094392994413,0.003552263341404311,0.8451988889008626,0.8457549208006653,0.8510297979458977,0.8473278692158086,0.0026274829666932064,27,0.8486934433924636,0.8484856928773893,0.8455876363920718,0.8475889242206417,0.0014176635234813826,0.36243261203417126,0.37306954274399573,0.3808993589114645,0.3721338378965438,0.007567995891853335,20,0.37780251419164806,0.37237141688561026,0.3681307402632205,0.37276822378015967,0.003958441992697308
0.2575581868489583,0.007829254330482979,0.09641893704732259,0.004807257856918824,0.01,"{0: 1, 1: 3}",l2,"{'C': 0.01, 'class_weight': {0: 1, 1: 3}, 'penalty': 'l2'}",0.40466531440162273,0.4002651738361815,0.4149077490774908,0.406612745771765,0.0061343632720607414,12,0.4091825882870659,0.4111582334015794,0.4027767575112025,0.4077058597332826,0.003577506575014829,0.8452143706261036,0.8457584966591095,0.8510614562343487,0.8473447745065207,0.0026374622378879165,20,0.8487119547146248,0.8485043501949656,0.8456000558402571,0.8476054535832825,0.001420560919717809,0.3624568095094729,0.3730000307454054,0.38088450126828094,0.3721137805077197,0.007549129552571335,25,0.37773826208802946,0.3722989521912825,0.3680875484107033,0.3727082542300051,0.003950503321486134
1.378687063852946,0.7794364450141131,0.678306500116984,0.6520118369336106,0.01,"{0: 1, 1: 4}",l2,"{'C': 0.01, 'class_weight': {0: 1, 1: 4}, 'penalty': 'l2'}",0.41232860089794926,0.41181913515514157,0.4217327098203298,0.4152934819578069,0.004557969609002984,5,0.41791868522720305,0.4175810740593575,0.4127469570004282,0.4160822387623296,0.0023624244112941234,0.8452397884221935,0.845766112008074,0.8510959061686543,0.8473672688663072,0.00264528589867634,13,0.8487321315371126,0.8485306748331534,0.8456158679994089,0.8476262247898916,0.00142391409377403,0.3624431951138945,0.3729119944170298,0.38076884526516236,0.37204134493202884,0.007506703060641434,38,0.3775970582736846,0.37219031541275077,0.36803382356644115,0.3726070657509588,0.003915279909087292
0.39525850613911945,0.03267575363894543,0.13495318094889322,0.009564460205931137,0.03,,l2,"{'C': 0.03, 'class_weight': None, 'penalty': 'l2'}",0.20419509729593127,0.21518987341772153,0.201693610469592,0.20702619372774825,0.005862229874143381,46,0.21531463229719486,0.20647619047619048,0.20035869843709966,0.20738317373682832,0.006139324250718664,0.8451086573897202,0.8457015595663464,0.8509095548438446,0.8472399239333037,0.002606086019616345,45,0.8485980507566879,0.8483739000899934,0.8455156792850165,0.8474958767105659,0.0014031980766471507,0.36233147881754313,0.3731671330894606,0.3810173124710665,0.3721719747926901,0.007660846335251747,14,0.37800846264820853,0.37248746947422934,0.3682672613241317,0.3729210644821898,0.00398863003066177
0.43102049827575684,0.03928740712243608,0.11844221750895183,0.0034399160071528286,0.03,balanced,l2,"{'C': 0.03, 'class_weight': 'balanced', 'penalty': 'l2'}",0.3742646786784565,0.3772877287728773,0.3769107747238442,0.3761543940583927,0.0013450630100844455,25,0.37701029194762503,0.37670134616101725,0.37468354430379747,0.3761317274708132,0.0010317582852220671,0.8452998351798215,0.8457577999302436,0.851184206695385,0.8474139472684833,0.0026725237807189656,3,0.8487783928737502,0.848583926660781,0.8456492789661831,0.8476705328335715,0.0014314455803652476,0.36236512304253576,0.3725270193317283,0.38039319986630593,0.3717617807468567,0.007379795889669399,46,0.3771267347501149,0.37178456600443277,0.36773075495902846,0.372214018571192,0.0038478938991737786
0.38858866691589355,0.060533304042848644,0.16518529256184897,0.0661692877237594,0.03,"{0: 1, 1: 1.5}",l2,"{'C': 0.03, 'class_weight': {0: 1, 1: 1.5}, 'penalty': 'l2'}",0.29594681535492173,0.3028534370946822,0.3082918380601862,0.30236403016993,0.005051701743100713,39,0.309343637632158,0.30263935924313284,0.29640506879860773,0.3027960218912995,0.005283310089588883,0.8451366751115414,0.8457238958741067,0.8509528279157372,0.8472711329671284,0.0026143661216383434,40,0.8486305174475985,0.8484120234629053,0.8455424136937427,0.8475283182014155,0.00140707674288059,0.36234258890187987,0.37310877115912444,0.380954218099244,0.37213519272008283,0.007629289026629304,19,0.3779029098969805,0.37243703008992857,0.36820492942528016,0.3728482898040631,0.003969849470002844
0.3473326365152995,0.013380898446201437,0.11989704767862956,0.006322466764448554,0.03,"{0: 1, 1: 2}",l2,"{'C': 0.03, 'class_weight': {0: 1, 1: 2}, 'penalty': 'l2'}",0.3558496461722268,0.3545463040837305,0.36616302928558103,0.35885299318051284,0.005196290089603193,32,0.3629626198527028,0.3613064396743153,0.35288065843621397,0.35904990598774394,0.004414404052633873,0.8451695673739209,0.8457429995648493,0.8509836973721485,0.8472987547703061,0.002616143166769521,35,0.8486630161550477,0.848452323960427,0.8455635934828157,0.8475596445327634,0.001414039755621378,0.36236950483975533,0.37310779047372405,0.3808855557670329,0.3721209503601708,0.007591285597871318,22,0.37783146362390263,0.3723977164403653,0.3681543021604431,0.37279449407490367,0.003960634449674193
0.32323288917541504,0.008320804047606161,0.11467750867207845,0.010172239610618042,0.03,"{0: 1, 1: 2.5}",l2,"{'C': 0.03, 'class_weight': {0: 1, 1: 2.5}, 'penalty': 'l2'}",0.3881392906196978,0.3864718437038253,0.40101814598899743,0.39187642677084017,0.006499916281616367,18,0.39472394642273767,0.3951993490642799,0.3874825919554354,0.3924686291474843,0.0035309986385598925,0.8451852386503976,0.8457527486459657,0.8510131300273445,0.8473170391079026,0.0026237800927101157,28,0.8486829522131669,0.8484743282869256,0.8455775671230574,0.8475782825410499,0.0014172808763015003,0.3624018021440139,0.3730625438494931,0.38085057423609514,0.3721049734098674,0.007562054561494189,29,0.3777664064749288,0.3723433353666633,0.36809913607114947,0.3727362926375805,0.003956415956184087
0.3175079822540283,0.011485741349792007,0.11088856061299641,0.0035906726785489645,0.03,"{0: 1, 1: 3}",l2,"{'C': 0.03, 'class_weight': {0: 1, 1: 3}, 'penalty': 'l2'}",0.4048618144986254,0.4009416611491209,0.41482463896257,0.4068760382034388,0.005843919409206692,11,0.4093772893772894,0.4114469265586217,0.4029336266960029,0.40791928087730467,0.0036252273700865573,0.8452029181453703,0.8457577000316194,0.8510472879913498,0.8473359687227798,0.0026340543869696888,22,0.8487036784394532,0.8484950295403121,0.8455921235052735,0.8475969438283463,0.001420178858837249,0.3624285236439463,0.3730088192172603,0.3808476160670575,0.3720949863094214,0.007547275859998118,31,0.37771831345863555,0.3722729801745089,0.3680677582729323,0.3726863506353589,0.003950650596336712
0.3314366340637207,0.008710230475068078,0.1172789732615153,0.0020943300160412978,0.03,"{0: 1, 1: 4}",l2,"{'C': 0.03, 'class_weight': {0: 1, 1: 4}, 'penalty': 'l2'}",0.4127022604690625,0.41200024641163063,0.42166082734034055,0.41545444474034454,0.004397923348381424,4,0.41825700719865216,0.41741255536887123,0.4127692072705056,0.41614625661267635,0.0024126916390616454,0.845230764246478,0.8457635914889415,0.8510861712641643,0.847360175666528,0.0026436412531181184,14,0.8487263992960807,0.8485238661961011,0.8456096941363608,0.8476199865428476,0.0014238940934003439,0.36242134088445727,0.37290981682970387,0.3807436312892646,0.3720249296678086,0.007506168591520306,39,0.3775850098164102,0.37216878267551884,0.3680201258091,0.372591306100343,0.003916260635837753
0.3050378958384196,0.005066463276768173,0.1108841101328532,0.005245236137829136,0.1,,l2,"{'C': 0.1, 'class_weight': None, 'penalty': 'l2'}",0.2046229632436529,0.21620938171703122,0.2029988465974625,0.2079437305193822,0.005882186725530202,45,0.21572835142640748,0.20702778130153496,0.20228885621123968,0.20834832964639405,0.005565542432860854,0.8450967873839677,0.8456981450826029,0.850896626194051,0.8472305195535405,0.0026039279553683827,46,0.8485890054442644,0.8483652921234841,0.8455070726343199,0.8474871234006894,0.0014030829603707648,0.36229742849156615,0.37314573272747187,0.38099858852160473,0.3721472499135476,0.007667292984470018,16,0.37798428725599836,0.372468003639074,0.36824594084404444,0.3728994105797056,0.0039873493009034465
0.382541020711263,0.02451690174349645,0.11131739616394043,0.005075458053147904,0.1,balanced,l2,"{'C': 0.1, 'class_weight': 'balanced', 'penalty': 'l2'}",0.3742646786784565,0.37730187900836365,0.37685470975419283,0.3761404224803377,0.0013388555294705149,26,0.3770476492892766,0.37669432273701875,0.37467662059280066,0.376139530873032,0.0010444423644980789,0.8452981702027523,0.8457578690908295,0.851180541699772,0.8474121936644513,0.0026712251812484734,4,0.8487773055921066,0.8485821683124931,0.8456479322558842,0.8476691353868279,0.001431424980424857,0.3623680913291,0.37253042986132223,0.3803861558163226,0.3717615590022483,0.007375908249830586,47,0.377115564225433,0.37177461559221703,0.3677273748552032,0.3722058515576177,0.00384482320843802
0.33063475290934247,0.007737027838817752,0.1104115645090739,0.006772972996064362,0.1,"{0: 1, 1: 1.5}",l2,"{'C': 0.1, 'class_weight': {0: 1, 1: 1.5}, 'penalty': 'l2'}",0.2961851693099014,0.30367170626349893,0.30874080484638683,0.3028658934732624,0.00515738930215314,38,0.3101248861017313,0.30323862720876527,0.2968393613554904,0.30340095822199564,0.005425007248175625,0.8451273999085138,0.8457194234895482,0.8509437486638518,0.847263524020638,0.0026135114371937927,41,0.8486240776410686,0.8484043100384785,0.8455367521313315,0.8475217132702929,0.001406444095861892,0.36231377857292385,0.3731092997148031,0.3809226710195297,0.37211524976908555,0.007629496313356118,23,0.37788788253298145,0.37241629649546715,0.3681925203393006,0.37283223312258307,0.003969027124707543
0.3096742630004883,0.0042264249799886045,0.11091295878092448,0.004703279244371785,0.1,"{0: 1, 1: 2}",l2,"{'C': 0.1, 'class_weight': {0: 1, 1: 2}, 'penalty': 'l2'}",0.3560536468859085,0.3547423450336072,0.3667349599552989,0.3591769839582715,0.005371041426991836,31,0.3631315935591338,0.36148476864050294,0.35292468697439733,0.359180349724678,0.004474222123236847,0.8451622030522682,0.8457405200297676,0.8509780833467231,0.8472936021429197,0.0026159974436151803,36,0.8486574779342386,0.8484465661061645,0.8455593311415183,0.8475544583939739,0.0014133932019372124,0.3623597901810594,0.3730895248507816,0.3808851022332704,0.37211147242170384,0.007594482057102032,27,0.3778215228378353,0.37238185810188873,0.36814649854957643,0.37278329316310016,0.003959998848979398
0.30406538645426434,0.012701590605548213,0.1099549929300944,0.006323284415985678,0.1,"{0: 1, 1: 2.5}",l2,"{'C': 0.1, 'class_weight': {0: 1, 1: 2.5}, 'penalty': 'l2'}",0.388148865746347,0.3863132846475753,0.40121480751867356,0.3918923193041986,0.006634451968038257,16,0.3948904215810309,0.39539706420526166,0.38764067935338653,0.3926427217132263,0.003543020605302379,0.8451790859197508,0.8457508326415846,0.8510068475435996,0.8473122553683116,0.0026228778195913,29,0.8486788182377312,0.8484702090390975,0.8455746284385302,0.8475745519051197,0.0014167215331179388,0.3623801732311777,0.37305595291129934,0.3808330043160667,0.372089710152848,0.007564256410384133,34,0.3777566223745304,0.37233363176545803,0.3680876671043962,0.37272597374812816,0.0039570715752509054
0.306072473526001,0.010375813285759023,0.11374441782633464,0.003533346076648014,0.1,"{0: 1, 1: 3}",l2,"{'C': 0.1, 'class_weight': {0: 1, 1: 3}, 'penalty': 'l2'}",0.4051767768057263,0.40091183175233475,0.41528043574267626,0.4071230147669124,0.006025229003060714,10,0.40953357252690925,0.4115307425652253,0.4031377148931491,0.40806734332842787,0.003579860278737034,0.845199037468047,0.8457560248085374,0.8510418737350771,0.8473323120038873,0.00263289383283847,23,0.8487003544824385,0.8484913546820366,0.845589163688345,0.8475936242842734,0.0014199335523453517,0.36241263009932834,0.3730057559445854,0.38083042300462616,0.3720829363495133,0.007547294035144716,35,0.37770969950306676,0.3722610323678896,0.36805778350985807,0.37267617179360474,0.003951297351678881
0.32930739720662433,0.002723180302816149,0.1099085807800293,0.007555723347041506,0.1,"{0: 1, 1: 4}",l2,"{'C': 0.1, 'class_weight': {0: 1, 1: 4}, 'penalty': 'l2'}",0.41262724188075617,0.4120219252324937,0.42218400687876184,0.4156110579973373,0.004654341687036714,3,0.4180749448934607,0.41744281918954407,0.41276335877862597,0.41609370762054354,0.002369010100306948,0.8452265710657667,0.8457626693477954,0.8510817046307965,0.8473569816814529,0.0026428546597727356,16,0.8487247363570773,0.8485214873672995,0.8456075463159415,0.8476179233467728,0.0014239708312864545,0.362415933788468,0.372910343767414,0.3807374506238212,0.3720212427265677,0.007506102862900217,40,0.3775794726285097,0.372165128513676,0.3680166857361649,0.37258709562611686,0.003915376990796386
0.31325213114420575,0.003047082657383936,0.10932445526123047,0.0025180795894252676,0.3,,l2,"{'C': 0.3, 'class_weight': None, 'penalty': 'l2'}",0.20457128425306226,0.21660558574497663,0.20322911327524346,0.20813532775776078,0.006014388775313201,44,0.2158137186849246,0.20724205720083708,0.2024928092042186,0.20851619502999344,0.005512363543529893,0.8450923918445048,0.8456960369654827,0.8508939369939155,0.8472274552679676,0.002604280200369138,47,0.8485859875653567,0.8483626270668293,0.8455046443293018,0.8474844196538293,0.0014028792368509988,0.3622836064763052,0.3731425712189647,0.3809968570314913,0.37214101157558704,0.007672408482118466,17,0.37797738993059427,0.37246203523325183,0.3682376379661923,0.3728923543766795,0.003987862669477491
0.38785290718078613,0.01616383445699462,0.11832539240519206,0.001617222370423852,0.3,balanced,l2,"{'C': 0.3, 'class_weight': 'balanced', 'penalty': 'l2'}",0.3742646786784565,0.3772268686944455,0.37690105231844717,0.3761308665637831,0.0013262810147732435,28,0.3770990940506211,0.3767364672099051,0.37465585099502946,0.3761638040851852,0.0010765117890621358,0.8452975938645358,0.8457577743152117,0.8511797170117306,0.8474116950638261,0.0026710089930852866,5,0.8487770174432612,0.8485819198641553,0.8456475858125787,0.8476688410399985,0.0014314608591975355,0.36236555294503653,0.3725282261286902,0.3803794833861674,0.371757754153298,0.007374308680960036,48,0.3771121262105769,0.37177436980220985,0.3677231825659662,0.3722032261929176,0.0038449970995487123
0.3731958071390788,0.057297979124831935,0.1160581111907959,0.008803357266307842,0.3,"{0: 1, 1: 1.5}",l2,"{'C': 0.3, 'class_weight': {0: 1, 1: 1.5}, 'penalty': 'l2'}",0.2961217055924577,0.30385487528344673,0.30874080484638683,0.3029057952407637,0.005195253037834505,37,0.31019883166300444,0.3032060576768165,0.2968071242397915,0.3034040045265375,0.005468933116170525,0.8451251970157759,0.8457185986855231,0.8509408238385616,0.8472615398466203,0.002612901248986376,43,0.8486222411724271,0.8484024287466831,0.8455351595167272,0.8475199431452792,0.0014063200002734741,0.36229891399737907,0.37310525678147094,0.3809137456175624,0.37210597213213753,0.00763225245999893,28,0.37788078544790143,0.37241176350860444,0.3681889776126653,0.37282717552305705,0.003967552573489095
0.3579772313435872,0.09251968645908232,0.10645572344462077,0.008311470500756006,0.3,"{0: 1, 1: 2}",l2,"{'C': 0.3, 'class_weight': {0: 1, 1: 2}, 'penalty': 'l2'}",0.356204647745017,0.3548959208438346,0.36670081013129713,0.3592671262400496,0.00528349213252717,30,0.3630476014248046,0.36177095849893703,0.3529081990189208,0.3592422529808874,0.004509074848559754,0.8451602793633775,0.8457402510719335,0.8509764570209267,0.8472923291520792,0.0026158096784992396,37,0.848656214561634,0.8484449249384072,0.8455581477270475,0.8475530957423629,0.0014132761027906982,0.36235843358509756,0.3730974552240163,0.3808849069820822,0.3721135985970654,0.007595329026407896,26,0.3778174402185777,0.37237750277970927,0.3681426249173107,0.37277918930519927,0.003959926499905247
0.3843621412913005,0.06861803023153834,0.12522013982137045,0.025048346923199905,0.3,"{0: 1, 1: 2.5}",l2,"{'C': 0.3, 'class_weight': {0: 1, 1: 2.5}, 'penalty': 'l2'}",0.3880862055048834,0.38641397981786857,0.40114895363151415,0.39188304631808873,0.00658745592991313,17,0.3948259680907496,0.39543015124410474,0.38767493248219986,0.3926436839390181,0.003522085329311252,0.845177664285484,0.8457506174753171,0.8510057232018287,0.8473113349875433,0.0026227780498068723,30,0.8486778398123181,0.8484687612512318,0.845573753685193,0.8475734515829144,0.0014165738533023242,0.3623842685251526,0.3730572207646916,0.3808327972519232,0.3720914288472558,0.007562478366534714,32,0.3777548292325618,0.3723332469084691,0.36808774942487277,0.3727252751886345,0.003956292256763856
0.3092612425486247,0.009250742385603281,0.10861770311991374,0.005072883162476846,0.3,"{0: 1, 1: 3}",l2,"{'C': 0.3, 'class_weight': {0: 1, 1: 3}, 'penalty': 'l2'}",0.40523348272372417,0.40088235294117647,0.41559970566593085,0.4072385137769438,0.006173342149894182,8,0.40953357252690925,0.4115436535444562,0.4033859796987797,0.40815440192338176,0.0034702059793173174,0.8451976798713599,0.8457561554451999,0.8510408979395994,0.847331577752053,0.0026327762193735127,24,0.8486994695453176,0.8484903429594239,0.8455879322456894,0.8475925815834771,0.0014200698827524956,0.3624075173620116,0.3730019012643423,0.3808274482686276,0.37207895563166044,0.00754817130753277,36,0.3777048735698148,0.37225742834975806,0.3680542029990704,0.3726721683062144,0.0039507693377256025
0.32741204897562665,0.005364417013709832,0.11623414357503255,0.0017563147454977093,0.3,"{0: 1, 1: 4}",l2,"{'C': 0.3, 'class_weight': {0: 1, 1: 4}, 'penalty': 'l2'}",0.41262724188075617,0.41221750107765254,0.4221580789780753,0.4156676073121613,0.0045925039441794616,1,0.4180365506474424,0.41746564885496185,0.41279921836834393,0.4161004726235827,0.0023459457165449678,0.8452256566091303,0.845763012589222,0.8510811078844808,0.8473565923609443,0.002642751063586683,17,0.8487241126749094,0.8485207023217783,0.84560707435898,0.8476172964518893,0.001423865300290176,0.3624132245496048,0.3729079161985836,0.38073801708969174,0.37201971927929334,0.007507381955332769,41,0.3775784286946922,0.37216398819990515,0.36801569111737586,0.37258603600399115,0.0039153612651414305
0.3108352820078532,0.012820339837945637,0.10903374354044597,0.0063805944104140845,1.0,,l2,"{'C': 1, 'class_weight': None, 'penalty': 'l2'}",0.20479797979797978,0.2165782158200657,0.20345932094811017,0.20827850552205188,0.005894171988911362,43,0.2158137186849246,0.20724205720083708,0.20246692656739312,0.20850756748438495,0.005521796336065173,0.8450913826122506,0.8456954785577888,0.8508931097447311,0.8472266569715902,0.0026042772421676517,48,0.8485848823544517,0.8483618138467544,0.8455038425788054,0.8474835129266705,0.0014027974205003887,0.36228128705913143,0.37314184474271245,0.3809928902968113,0.3721386740328851,0.007671844086696925,18,0.37797615210357843,0.37245963279602456,0.3682352236583369,0.37289033618597994,0.00398836230395537
0.37824328740437824,0.020499373423057892,0.11086694399515788,0.007098868743414968,1.0,balanced,l2,"{'C': 1, 'class_weight': 'balanced', 'penalty': 'l2'}",0.3742508324084351,0.3772268686944455,0.37693337299226654,0.3761370246983824,0.0013391106371498458,27,0.3770990940506211,0.3767364672099051,0.37466277393843084,0.3761661117329857,0.001073279382641405,0.8452975067734276,0.8457579792354665,0.8511794045522862,0.84741163018706,0.002670842747463229,6,0.8487767734772389,0.8485817002307021,0.8456474545355407,0.8476686427478272,0.0014314129930464202,0.3623637350320095,0.37252888156025654,0.3803764979270798,0.37175637150644864,0.007373939951655455,49,0.37711484607551304,0.37177433516517183,0.36772202564520723,0.3722037356286307,0.003846605211309196
0.3134477933247884,0.01412013047543062,0.10897072156270345,0.0009172336199851214,1.0,"{0: 1, 1: 1.5}",l2,"{'C': 1, 'class_weight': {0: 1, 1: 1.5}, 'penalty': 'l2'}",0.2961217055924577,0.30403800475059384,0.30874080484638683,0.3029668383964795,0.005207108251468605,36,0.31019883166300444,0.30317349514041775,0.296867365220696,0.30341323067470605,0.005445187735998292,0.8451244183188082,0.845718345096708,0.8509393665482026,0.8472607099879061,0.0026124793869470564,44,0.8486216226129055,0.8484016251315698,0.8455344653493643,0.8475192376979465,0.0014063168632331934,0.36229721340492177,0.3731023939485934,0.38090967910856666,0.3721030954873606,0.007631291631753477,30,0.3778820122243338,0.3724089882260787,0.36818621079026226,0.3728257370802249,0.003969248549184944
0.3021384080251058,0.0033825093835435365,0.11458007494608562,0.004597474994908135,1.0,"{0: 1, 1: 2}",l2,"{'C': 1, 'class_weight': {0: 1, 1: 2}, 'penalty': 'l2'}",0.35635562086700956,0.3548959208438346,0.36666666666666664,0.35930606945917026,0.005238732319793079,29,0.36308973172987974,0.3617965067923482,0.3528147629058631,0.359233667142697,0.004569453387149392,0.845159423821314,0.8457403637780735,0.8509754453694475,0.847291744322945,0.002615544921979926,38,0.8486558002676273,0.8484443057385549,0.8455578806903405,0.8475526622321743,0.001413163716320522,0.36236234137201545,0.37309774873164064,0.3808821390559249,0.372114076386527,0.007592603199831633,24,0.3778163833649304,0.3723760454402522,0.3681424325364495,0.3727782871138774,0.003959602667858403
0.30652475357055664,0.016480437864400947,0.11306317647298177,0.006853820958099253,1.0,"{0: 1, 1: 2.5}",l2,"{'C': 1, 'class_weight': {0: 1, 1: 2.5}, 'penalty': 'l2'}",0.3883150419625565,0.38641397981786857,0.40114895363151415,0.391959325137313,0.006544232229761085,15,0.3948914640117513,0.3954140748871814,0.38764320785597384,0.39264958225163554,0.0035464648101014625,0.8451770981932804,0.8457503715710114,0.8510050880383682,0.8473108526008867,0.0026226821121467766,32,0.848677572794388,0.8484684666990788,0.845573468077588,0.8475731691903516,0.0014165767999099901,0.3623815819099554,0.37305881555986403,0.38083165109847994,0.37209068285609975,0.007563254324447427,33,0.37775586557317137,0.3723347088220667,0.36808565363777296,0.372725409344337,0.0039575021492903985
0.2967953681945801,0.01159238868429,0.11429500579833984,0.003884501734309263,1.0,"{0: 1, 1: 3}",l2,"{'C': 1, 'class_weight': {0: 1, 1: 3}, 'penalty': 'l2'}",0.40523348272372417,0.40088235294117647,0.4155691266279155,0.407228320764272,0.006159538101588746,9,0.4095485666166294,0.4115586690017513,0.403414920123113,0.40817405191383127,0.003463825385392771,0.8451971855012456,0.8457562527823208,0.851040411322432,0.8473312832019994,0.00263266184896958,25,0.8486991128810801,0.8484898428610943,0.8455875044746578,0.8475921534056107,0.001420073117271149,0.3624045858535852,0.3730021458772263,0.3808249717966746,0.372077234509162,0.007548476683065375,37,0.37770470917090204,0.37225753236852677,0.3680522620914326,0.3726715012102872,0.003951452164032091
0.30916428565979004,0.009463178215158574,0.10281872749328613,0.005014204125627289,1.0,"{0: 1, 1: 4}",l2,"{'C': 1, 'class_weight': {0: 1, 1: 4}, 'penalty': 'l2'}",0.41260224174492577,0.41221750107765254,0.42213215426185213,0.4156506323614768,0.004585818789416428,2,0.41808497612342355,0.4174401563263312,0.4128118225397698,0.41611231832984147,0.0023486027744017575,0.8452254055818181,0.8457630279582411,0.8510807211518898,0.8473563848973164,0.0026426337692733,18,0.8487236689256876,0.8485204173745867,0.8456067996377634,0.847616961979346,0.001423819341979773,0.36241209670784486,0.37290837863342896,0.3807365137103153,0.37201899635052976,0.007507299348143704,42,0.3775790595729141,0.3721630271328227,0.3680165793594738,0.37258622202173686,0.003915318411369344
