param_learning_rate,param_max_depth,param_n_estimators,mean_test_score,std_test_score,rank_test_score
0.24,8,350,0.22074069158750412,0.008822359083307722,1
0.24,8,325,0.22033167710236554,0.00863509871500292,2
0.24,8,375,0.22011479930091907,0.008348899012064002,3
0.22,8,350,0.21650531561491118,0.0054997204178396,4
0.22,8,375,0.21624697909036625,0.0048425057698620565,5
0.2,8,375,0.2162323234104512,0.006901794616525782,6
0.22,8,325,0.2157575492021797,0.005601011708849574,7
0.2,8,325,0.21548999458605425,0.007343310262750892,8
0.18,8,325,0.2152753026068107,0.006311445796512664,9
0.24,7,375,0.21514290251675894,0.007601521069062515,10
0.22,7,350,0.21504950792937602,0.008724134156984932,11
0.2,8,350,0.21432314959150742,0.005219566480915834,12
0.18,8,375,0.21373996266799733,0.007933432580955224,13
0.18,8,350,0.21311286035994817,0.007361752511884935,14
0.22,7,325,0.21294471638443313,0.008060283250822168,15
0.22,7,375,0.2128436732779535,0.00927235022305753,16
0.24,7,350,0.21226298438404204,0.006249808598182405,17
0.2,7,375,0.21201221447424926,0.00151986634761372,18
0.24,7,325,0.2110174515749421,0.007545721602772067,19
0.2,7,350,0.210244083400741,0.000941525774523429,20
0.2,7,325,0.2091035160390191,0.0013253912399349306,21
0.18,7,375,0.20378786278115765,0.006790671364312808,22
0.18,7,350,0.20093422769646563,0.006175518419773597,23
0.18,7,325,0.20008959385514016,0.007145988063660564,24
